fold,test_loss,accuracy,precision,recall,f1,roc_auc,pr_auc
mean,0.76848770667804,0.8234785946009335,0.6319996847228007,0.524172884969023,0.5002311410443122,0.7847650897891553,0.6364058437097005
std,0.5462657123743402,0.14201702346259112,0.32697395452812295,0.20214843377462816,0.2476131589883906,0.13127669410634277,0.1687429512997954
